epoch,accuracy,loss
1,0.7666666666666667,1.5874093880507267
2,0.7666666666666667,1.614923380939447
3,0.7666666666666667,1.614923380939447
4,0.7666666666666667,1.614923380939447
5,0.7666666666666667,1.614923380939447
