epoch,accuracy,loss
1,0.9666666666666667,0.2821527374716143
2,0.9666666666666667,0.2905719793298249
3,0.9666666666666667,0.2905719793298249
4,0.9666666666666667,0.2905719793298249
5,0.9666666666666667,0.2905719793298249
